{"loss": 0.6273828744888306, "_timestamp": 1697338120.972172, "_runtime": 86336.4324131012, "_step": 19595, "_wandb": {"runtime": 86476}}