{"loss": 0.7759409546852112, "_timestamp": 1694214696.2907023, "_runtime": 134.36029243469238, "_step": 6, "_wandb": {"runtime": 150}}