{"loss": 1.533647894859314, "_timestamp": 1697342492.8872488, "_runtime": 70.12886381149292, "_step": 8, "_wandb": {"runtime": 72}}