{"loss": 0.4837287664413452, "_timestamp": 1698217553.58544, "_runtime": 1123.496482849121, "_step": 80, "loss_by_epoch": 0.5605055689811707, "eval_loss_by_epoch": 0.46933257579803467, "_wandb": {"runtime": 1122}}