{"loss": 0.34424975514411926, "_timestamp": 1698208977.0411923, "_runtime": 1041.8122344017029, "_step": 224, "_wandb": {"runtime": 1167}}