{"loss": 0.6080144643783569, "_timestamp": 1697347767.5211587, "_runtime": 3681.4754996299744, "_step": 202, "_wandb": {"runtime": 3698}}