{"loss": 0.7214497327804565, "_timestamp": 1698214476.2044196, "_runtime": 119.6058566570282, "_step": 32, "_wandb": {"runtime": 121}}