{"loss": 1.1891467571258545, "_timestamp": 1697342567.348304, "_runtime": 54.39979100227356, "_step": 1, "_wandb": {"runtime": 62}}