{"loss": NaN, "_timestamp": 1697342802.8470843, "_runtime": 107.32316732406616, "_step": 22, "_wandb": {"runtime": 107}}