{"loss": 0.5094870924949646, "_timestamp": 1697397159.7582214, "_runtime": 8837.867010354996, "_step": 838, "_wandb": {"runtime": 8837}}