{"loss": 0.5444961786270142, "_timestamp": 1694321371.8405762, "_runtime": 106643.44507813454, "_step": 6281, "_wandb": {"runtime": 106775}}