{"loss": 0.3071620464324951, "_timestamp": 1698216389.9475799, "_runtime": 1535.000962972641, "_step": 119, "loss_by_epoch": 48.76594924926758, "eval_loss_by_epoch": 0.5950939655303955, "_wandb": {"runtime": 1550}}