{"loss": 0.6347221732139587, "_timestamp": 1698262120.6240354, "_runtime": 43295.12809228897, "_step": 3859, "_wandb": {"runtime": 43305}}